{
  "00434867c728e095f7a94df21e0112b1767a7801.png": {
    "title": "foodhsaring-white.png",
    "description": "foodhsaring main",
    "tags": []
  },
  "02c3f5b8b4fae1cf612dd8a625bedad7267d6f2e.png": {
    "title": "4.png",
    "description": "4",
    "tags": []
  },
  "1906c3bed900159b8fd294cdd94ae38a2078b9bd.png": {
    "title": "2.png",
    "description": "2",
    "tags": []
  },
  "198fdff3b2c8943127c55470319ddd212d8a4efe.png": {
    "title": "5.png",
    "description": "5",
    "tags": []
  },
  "1e7a177ac4987b857279159b700a4109a5db10e7.png": {
    "title": "world-practices general.png",
    "description": "practices general\r\n",
    "tags": []
  },
  "36901b8967ac9c4ca279322dcd637918b199f9eb.png": {
    "title": "3.png",
    "description": "3",
    "tags": []
  },
  "57b81375c472b48dcc5d988d58fd688d6c5d18e3.png": {
    "title": "Logo-dark-with-text.png",
    "description": "logo dark with text",
    "tags": [
      {
        "title": "logo",
        "_id": "64b8ec6e5690534eccd8fb2d"
      }
    ]
  },
  "73942e79884ff34f699a7dca07d54e351e995450.png": {
    "title": "1.png",
    "description": "1",
    "tags": []
  },
  "f504121e746f10f6946c985d2bd098a212b430bc.png": {
    "title": "hintergrund hell.png",
    "description": "background light",
    "tags": []
  },
  "5064ed9870c62babebbf77e28d27d558ec26374e.png": {
    "title": "LTG - Lecture title frames-12.png",
    "description": "L00-green",
    "tags": []
  },
  "51cb97a0e4c39e0b71e7538095a598446aa3e547.png": {
    "title": "LTG - Lecture title frames-01.png",
    "description": "L01-green",
    "tags": []
  },
  "ebb1f50af087273a38acdcfad515a45ed76163bb.png": {
    "title": "LTG - Lecture title frames-02.png",
    "description": "L02-green\r\n",
    "tags": []
  },
  "9927b9fd788cb3b8db0f2207c00403c3fdc4b6b9.PNG": {
    "title": "L01.PNG",
    "description": "Vide_L01\r\n",
    "tags": []
  },
  "eecd520b6617c6d4e4fbcbf3c5532bbbdd84213b.PNG": {
    "title": "Slides-L00.PNG",
    "description": "Slides L01",
    "tags": []
  },
  "7835933b5391022bd69c423ed9fdec4011d5b2d4.png": {
    "title": "LTG - Lecture link frames  -2-01.png",
    "description": "lec link 7\r\n",
    "tags": []
  },
  "3acc8bdb9772aea4a593f31d175234b0a239ba9e.png": {
    "title": "LTG - Lecture link frames.png",
    "description": "ltg title menu\r\n",
    "tags": []
  },
  "df7461784d0dd561401e03b06209001a991a5039.png": {
    "title": "LTG - Lecture title frames-04.png",
    "description": "LTG 4",
    "tags": []
  },
  "da5327af6d1c505acd491be7a0bd6b6b9d558441.png": {
    "title": "LTG - Lecture title frames-05.png",
    "description": "LTG 5",
    "tags": []
  },
  "50283d207c1e83e7dc118891825f2a5c04da3481.png": {
    "title": "LTG - Lecture title frames-06.png",
    "description": "LTG 6",
    "tags": []
  },
  "b2a1ce414e2dc7cc784ad93224905b8debbd05bb.png": {
    "title": "LTG - Lecture title frames-07.png",
    "description": "LTG 7",
    "tags": []
  },
  "7179e2da91e9fb99422239ed7c0113c162398c45.png": {
    "title": "LTG - Lecture title frames-08.png",
    "description": "LTG 8",
    "tags": []
  },
  "d756d74836d8d2bab17189a2a2b4c06618d0a2d9.png": {
    "title": "LTG - Lecture title frames-09.png",
    "description": "LTG 9",
    "tags": []
  },
  "85bd4c84219cb6f045c6cf5b3598866659cda9f0.png": {
    "title": "LTG - Lecture title frames-11.png",
    "description": "LTG 11",
    "tags": []
  },
  "d6a77bca5872e985308601cad8520774793ad789.png": {
    "title": "LTG - Lecture title frames-03.png",
    "description": "LTG 3",
    "tags": []
  },
  "dc77acffd7f05cd1e580733cc737926655236492.png": {
    "title": "Element 6.png",
    "description": "course orga",
    "tags": []
  },
  "7996caf5a23d5e661595fe64334bcfb3351de6c1.png": {
    "title": "Element 5.png",
    "description": "MOOC",
    "tags": []
  },
  "999891d8908b6948537a42af2c7ea8de82df32dc.png": {
    "title": "Element 4.png",
    "description": "faq",
    "tags": []
  },
  "2c8321ffd297d484ed33a18df3dd54317b529895.PNG": {
    "title": "Folie3.PNG",
    "description": "team folie",
    "tags": []
  },
  "33e38fc60d3c2427a6f77b1b32bc5555466bf00e.PNG": {
    "title": "Folie9.PNG",
    "description": "old lecture plan",
    "tags": []
  },
  "cbcf0a6e30051817edc10507c254b5a2f46cc43a.PNG": {
    "title": "Folie17.PNG",
    "description": "Self study star",
    "tags": []
  },
  "603e7969ffa3fd5b54e3df5a8cab254b63f52fd6.png": {
    "title": "LTG - Lecture title frames-10.png",
    "description": "L07 mooc light\r\n",
    "tags": []
  },
  "6feb5c11b8d2662b482be490eb390336bbe740ae.PNG": {
    "title": "L00.PNG",
    "description": "L00 Screenshot",
    "tags": []
  },
  "a1da9aa47e3f54a71a0e0e7b4e1bf381e9242b7b.PNG": {
    "title": "L00 - slides.PNG",
    "description": "L00 slides",
    "tags": []
  },
  "f6706acd3456700162ca70ecac6c91871509fa22.png": {
    "title": "L00-18.png",
    "description": "L00  - subpage ",
    "tags": []
  }
}